{
  "variables": [
    "E_score",
    "S_score",
    "G_score",
    "inflation",
    "population_growth"
  ],
  "ols": {
    "params": {
      "E_score": 0.04103734301365724,
      "S_score": -0.07999031244495267,
      "G_score": 0.012945389312970583,
      "inflation": -0.004738019020574253,
      "population_growth": 0.5001261035667752
    },
    "se": {
      "E_score": 0.07579380751151292,
      "S_score": 0.0710664589357954,
      "G_score": 0.01667703367331946,
      "inflation": 0.000954521541457895,
      "population_growth": 0.26094054772082714
    },
    "pvalues": {
      "E_score": 0.5882084899280671,
      "S_score": 0.2603473443445924,
      "G_score": 0.4376069845776823,
      "inflation": 6.914019072251418e-07,
      "population_growth": 0.05528513830697447
    },
    "r2": 0.02026772039066116,
    "n": 563
  },
  "fem": {
    "params": {
      "E_score": 0.006464910483574197,
      "S_score": -0.1038827933162388,
      "G_score": 0.012744775091641083,
      "inflation": -0.004466069124129163,
      "population_growth": 0.5704669477887093
    },
    "se": {
      "E_score": 0.07231031289904803,
      "S_score": 0.0675937510794392,
      "G_score": 0.016617987044382686,
      "inflation": 0.001459765369984422,
      "population_growth": 0.2652871960565829
    },
    "pvalues": {
      "E_score": 0.9287926385731151,
      "S_score": 0.12490235856902387,
      "G_score": 0.4434554711996417,
      "inflation": 0.002325946317419225,
      "population_growth": 0.031962342814328304
    },
    "r2_within": 0.020211698591565463,
    "n": 563
  },
  "rem": {
    "params": {
      "E_score": 0.04171551198714696,
      "S_score": 0.04558381585373205,
      "G_score": 0.01882301061523281,
      "inflation": -0.0032417682745513434,
      "population_growth": 0.4613102124642241
    },
    "se": {
      "E_score": 0.06348555327428444,
      "S_score": 0.04185260518991181,
      "G_score": 0.01690568572241633,
      "inflation": 0.0016213194723357016,
      "population_growth": 0.15852797674598218
    },
    "pvalues": {
      "E_score": 0.5113960982964483,
      "S_score": 0.2765573597768518,
      "G_score": 0.2660104747227161,
      "inflation": 0.04604266280084479,
      "population_growth": 0.003758933744053339
    },
    "r2": 0.1072234065969353,
    "n": 563
  },
  "hausman": {
    "chi2": -10.359068048081358,
    "pval": 1.0,
    "df": 5
  }
}